library,operation,batch_ms,batch_error_ms,rows_per_second,allocated_bytes_per_row,input_MB_per_second
argonaut,decode,110.9347466745614,0.42717729615006667,225357.70576319157,23089.70528748538,90.29351308102767
circe,decode,67.38498633000002,0.6807935843471634,371002.5238792683,9671.954816000001,148.6486611564472
json4s,decode,126.19907989375001,1.0745660730682913,198099.70105208445,13653.441776,79.37211593328007
jsoniter,decode,13.600975131682736,0.26475881183097066,1838103.5005176836,1255.6501968413404,736.468371055739
lift,decode,81.97473359116665,1.8693981898354435,304972.0188745319,12536.789113813331,122.19238247185189
play,decode,84.03834266666667,0.18288625440255304,297483.25831651734,16954.448325333335,119.19187935119838
spray,decode,65.46754385947581,2.1822360008857387,381868.61040123604,7087.111541703227,153.00234909530946
argonaut,encode,93.94086716818182,1.721984332981696,266124.85868629074,17539.958304,
circe,encode,44.48395523550725,0.45235961016994736,562000.3857041226,7380.132511737199,
json4s,encode,116.32128343333333,1.3360769198565494,214921.97525767612,14996.584055111112,
jsoniter,encode,14.225926811228055,0.13596302239055186,1757354.7461433813,441.5735508528562,
lift,encode,52.745916772968236,4.099727597638391,473970.3379809725,5985.500943731725,
play,encode,121.49468005294118,1.3160398608166322,205770.32664398372,24313.956544,
spray,encode,53.44804398684211,0.43336174491951823,467743.96470251604,8706.918096,
